--
-- PostgreSQL database dump
--

-- Dumped from database version 15.2
-- Dumped by pg_dump version 15.2

SET statement_timeout = 0;
SET lock_timeout = 0;
SET idle_in_transaction_session_timeout = 0;
SET client_encoding = 'UTF8';
SET standard_conforming_strings = on;
SELECT pg_catalog.set_config('search_path', '', false);
SET check_function_bodies = false;
SET xmloption = content;
SET client_min_messages = warning;
SET row_security = off;

SET default_tablespace = '';

SET default_table_access_method = heap;

--
-- Name: app_billetera_cliente; Type: TABLE; Schema: public; Owner: postgres
--

CREATE TABLE public.app_billetera_cliente (
    id bigint NOT NULL,
    name character varying(80) NOT NULL,
    balance numeric(19,2) NOT NULL,
    date_time timestamp with time zone NOT NULL
);


ALTER TABLE public.app_billetera_cliente OWNER TO postgres;

--
-- Name: app_billetera_cliente_id_seq; Type: SEQUENCE; Schema: public; Owner: postgres
--

ALTER TABLE public.app_billetera_cliente ALTER COLUMN id ADD GENERATED BY DEFAULT AS IDENTITY (
    SEQUENCE NAME public.app_billetera_cliente_id_seq
    START WITH 1
    INCREMENT BY 1
    NO MINVALUE
    NO MAXVALUE
    CACHE 1
);


--
-- Name: app_billetera_historial; Type: TABLE; Schema: public; Owner: postgres
--

CREATE TABLE public.app_billetera_historial (
    id bigint NOT NULL,
    origin character varying(80) NOT NULL,
    destino_del_dinero character varying(80) NOT NULL,
    change numeric(19,2) NOT NULL,
    date_time_form timestamp with time zone
);


ALTER TABLE public.app_billetera_historial OWNER TO postgres;

--
-- Name: app_billetera_historial_id_seq; Type: SEQUENCE; Schema: public; Owner: postgres
--

ALTER TABLE public.app_billetera_historial ALTER COLUMN id ADD GENERATED BY DEFAULT AS IDENTITY (
    SEQUENCE NAME public.app_billetera_historial_id_seq
    START WITH 1
    INCREMENT BY 1
    NO MINVALUE
    NO MAXVALUE
    CACHE 1
);


--
-- Name: auth_group; Type: TABLE; Schema: public; Owner: postgres
--

CREATE TABLE public.auth_group (
    id integer NOT NULL,
    name character varying(150) NOT NULL
);


ALTER TABLE public.auth_group OWNER TO postgres;

--
-- Name: auth_group_id_seq; Type: SEQUENCE; Schema: public; Owner: postgres
--

ALTER TABLE public.auth_group ALTER COLUMN id ADD GENERATED BY DEFAULT AS IDENTITY (
    SEQUENCE NAME public.auth_group_id_seq
    START WITH 1
    INCREMENT BY 1
    NO MINVALUE
    NO MAXVALUE
    CACHE 1
);


--
-- Name: auth_group_permissions; Type: TABLE; Schema: public; Owner: postgres
--

CREATE TABLE public.auth_group_permissions (
    id bigint NOT NULL,
    group_id integer NOT NULL,
    permission_id integer NOT NULL
);


ALTER TABLE public.auth_group_permissions OWNER TO postgres;

--
-- Name: auth_group_permissions_id_seq; Type: SEQUENCE; Schema: public; Owner: postgres
--

ALTER TABLE public.auth_group_permissions ALTER COLUMN id ADD GENERATED BY DEFAULT AS IDENTITY (
    SEQUENCE NAME public.auth_group_permissions_id_seq
    START WITH 1
    INCREMENT BY 1
    NO MINVALUE
    NO MAXVALUE
    CACHE 1
);


--
-- Name: auth_permission; Type: TABLE; Schema: public; Owner: postgres
--

CREATE TABLE public.auth_permission (
    id integer NOT NULL,
    name character varying(255) NOT NULL,
    content_type_id integer NOT NULL,
    codename character varying(100) NOT NULL
);


ALTER TABLE public.auth_permission OWNER TO postgres;

--
-- Name: auth_permission_id_seq; Type: SEQUENCE; Schema: public; Owner: postgres
--

ALTER TABLE public.auth_permission ALTER COLUMN id ADD GENERATED BY DEFAULT AS IDENTITY (
    SEQUENCE NAME public.auth_permission_id_seq
    START WITH 1
    INCREMENT BY 1
    NO MINVALUE
    NO MAXVALUE
    CACHE 1
);


--
-- Name: auth_user; Type: TABLE; Schema: public; Owner: postgres
--

CREATE TABLE public.auth_user (
    id integer NOT NULL,
    password character varying(128) NOT NULL,
    last_login timestamp with time zone,
    is_superuser boolean NOT NULL,
    username character varying(150) NOT NULL,
    first_name character varying(150) NOT NULL,
    last_name character varying(150) NOT NULL,
    email character varying(254) NOT NULL,
    is_staff boolean NOT NULL,
    is_active boolean NOT NULL,
    date_joined timestamp with time zone NOT NULL
);


ALTER TABLE public.auth_user OWNER TO postgres;

--
-- Name: auth_user_groups; Type: TABLE; Schema: public; Owner: postgres
--

CREATE TABLE public.auth_user_groups (
    id bigint NOT NULL,
    user_id integer NOT NULL,
    group_id integer NOT NULL
);


ALTER TABLE public.auth_user_groups OWNER TO postgres;

--
-- Name: auth_user_groups_id_seq; Type: SEQUENCE; Schema: public; Owner: postgres
--

ALTER TABLE public.auth_user_groups ALTER COLUMN id ADD GENERATED BY DEFAULT AS IDENTITY (
    SEQUENCE NAME public.auth_user_groups_id_seq
    START WITH 1
    INCREMENT BY 1
    NO MINVALUE
    NO MAXVALUE
    CACHE 1
);


--
-- Name: auth_user_id_seq; Type: SEQUENCE; Schema: public; Owner: postgres
--

ALTER TABLE public.auth_user ALTER COLUMN id ADD GENERATED BY DEFAULT AS IDENTITY (
    SEQUENCE NAME public.auth_user_id_seq
    START WITH 1
    INCREMENT BY 1
    NO MINVALUE
    NO MAXVALUE
    CACHE 1
);


--
-- Name: auth_user_user_permissions; Type: TABLE; Schema: public; Owner: postgres
--

CREATE TABLE public.auth_user_user_permissions (
    id bigint NOT NULL,
    user_id integer NOT NULL,
    permission_id integer NOT NULL
);


ALTER TABLE public.auth_user_user_permissions OWNER TO postgres;

--
-- Name: auth_user_user_permissions_id_seq; Type: SEQUENCE; Schema: public; Owner: postgres
--

ALTER TABLE public.auth_user_user_permissions ALTER COLUMN id ADD GENERATED BY DEFAULT AS IDENTITY (
    SEQUENCE NAME public.auth_user_user_permissions_id_seq
    START WITH 1
    INCREMENT BY 1
    NO MINVALUE
    NO MAXVALUE
    CACHE 1
);


--
-- Name: django_admin_log; Type: TABLE; Schema: public; Owner: postgres
--

CREATE TABLE public.django_admin_log (
    id integer NOT NULL,
    action_time timestamp with time zone NOT NULL,
    object_id text,
    object_repr character varying(200) NOT NULL,
    action_flag smallint NOT NULL,
    change_message text NOT NULL,
    content_type_id integer,
    user_id integer NOT NULL,
    CONSTRAINT django_admin_log_action_flag_check CHECK ((action_flag >= 0))
);


ALTER TABLE public.django_admin_log OWNER TO postgres;

--
-- Name: django_admin_log_id_seq; Type: SEQUENCE; Schema: public; Owner: postgres
--

ALTER TABLE public.django_admin_log ALTER COLUMN id ADD GENERATED BY DEFAULT AS IDENTITY (
    SEQUENCE NAME public.django_admin_log_id_seq
    START WITH 1
    INCREMENT BY 1
    NO MINVALUE
    NO MAXVALUE
    CACHE 1
);


--
-- Name: django_content_type; Type: TABLE; Schema: public; Owner: postgres
--

CREATE TABLE public.django_content_type (
    id integer NOT NULL,
    app_label character varying(100) NOT NULL,
    model character varying(100) NOT NULL
);


ALTER TABLE public.django_content_type OWNER TO postgres;

--
-- Name: django_content_type_id_seq; Type: SEQUENCE; Schema: public; Owner: postgres
--

ALTER TABLE public.django_content_type ALTER COLUMN id ADD GENERATED BY DEFAULT AS IDENTITY (
    SEQUENCE NAME public.django_content_type_id_seq
    START WITH 1
    INCREMENT BY 1
    NO MINVALUE
    NO MAXVALUE
    CACHE 1
);


--
-- Name: django_migrations; Type: TABLE; Schema: public; Owner: postgres
--

CREATE TABLE public.django_migrations (
    id bigint NOT NULL,
    app character varying(255) NOT NULL,
    name character varying(255) NOT NULL,
    applied timestamp with time zone NOT NULL
);


ALTER TABLE public.django_migrations OWNER TO postgres;

--
-- Name: django_migrations_id_seq; Type: SEQUENCE; Schema: public; Owner: postgres
--

ALTER TABLE public.django_migrations ALTER COLUMN id ADD GENERATED BY DEFAULT AS IDENTITY (
    SEQUENCE NAME public.django_migrations_id_seq
    START WITH 1
    INCREMENT BY 1
    NO MINVALUE
    NO MAXVALUE
    CACHE 1
);


--
-- Name: django_session; Type: TABLE; Schema: public; Owner: postgres
--

CREATE TABLE public.django_session (
    session_key character varying(40) NOT NULL,
    session_data text NOT NULL,
    expire_date timestamp with time zone NOT NULL
);


ALTER TABLE public.django_session OWNER TO postgres;

--
-- Data for Name: app_billetera_cliente; Type: TABLE DATA; Schema: public; Owner: postgres
--

COPY public.app_billetera_cliente (id, name, balance, date_time) FROM stdin;
5	LUCIANA	3796.35	2024-06-05 11:57:51.740139-03
7	JORGE	1474.80	2024-06-05 11:58:19.122101-03
6	MARIO	9122.75	2024-06-09 14:56:52.074281-03
\.


--
-- Data for Name: app_billetera_historial; Type: TABLE DATA; Schema: public; Owner: postgres
--

COPY public.app_billetera_historial (id, origin, destino_del_dinero, change, date_time_form) FROM stdin;
1			50.00	\N
2			50.00	\N
3			50.00	\N
4			50.00	\N
5			50.00	\N
6			5.00	\N
7			5.00	\N
8		LUCIANA	115.00	\N
9	MARIO	LUCIANA	165.00	\N
10	LUCIANA	EXTRACION	55.00	\N
11	JORGE	LUCIANA	16.00	\N
12	JORGE	LUCIANA	24.00	\N
13	JORGE	EXTRACION	4.00	\N
14	JORGE	LUCIANA	5.00	\N
15	JORGE	JORGE	236.00	\N
16	LUCIANA	LUCIANA	7.00	\N
17	MARIO	LUCIANA	1895.00	2024-04-28 19:27:11-03
18	LUCIANA	EXTRACION	123456.00	2024-04-28 19:31:19-03
19	JORGE	LUCIANA	78.00	2024-04-28 19:33:32-03
20	MARIO	EXTRACION	8956.00	2024-04-29 11:30:19-03
21	LUCIANA	LUCIANA	10.00	2024-04-29 11:43:05-03
22	LUCIANA	MARIO	15.00	2024-05-01 20:32:10-03
23	LUCIANA	MARIO	15.00	2024-05-01 20:37:03-03
24	LUCIANA	MARIO	15.00	2024-05-01 20:38:01-03
25	LUCIANA	MARIO	15.00	2024-05-01 20:42:54-03
26	LUCIANA	MARIO	15.00	2024-05-01 20:50:21-03
27	LUCIANA	MARIO	15.00	2024-05-01 20:52:47-03
28	LUCIANA	MARIO	15.00	2024-05-01 20:54:55-03
29	LUCIANA	MARIO	15.00	2024-05-01 21:12:57-03
30	LUCIANA	MARIO	15.00	2024-05-01 21:16:16-03
31	LUCIANA	MARIO	15.00	2024-05-01 21:23:09-03
32	LUCIANA	MARIO	15.00	2024-05-01 21:24:08-03
33	LUCIANA	MARIO	15.00	2024-05-01 21:25:54-03
34	LUCIANA	MARIO	19.00	2024-05-03 14:53:59-03
35	JORGE	JORGE	45.00	2024-05-05 18:54:31-03
36	JORGE	JORGE	123.00	2024-05-05 18:56:02-03
37	JORGE	LUCIANA	78.00	2024-05-05 18:56:17-03
38	MARIO	MARIO	11.00	2024-05-05 18:58:05-03
39	LUCIANA	LUCIANA	1.00	2024-05-05 18:58:39-03
40	LUCIANA	EXTRACION	60.00	2024-05-05 18:58:52-03
41	LUCIANA	EXTRACION	60.00	2024-05-05 18:59:48-03
42	LUCIANA	EXTRACION	60.00	2024-05-05 19:07:07-03
43	LUCIANA	EXTRACION	60.00	2024-05-05 19:07:40-03
44	LUCIANA	EXTRACION	60.00	2024-05-05 19:08:26-03
45	LUCIANA	EXTRACION	60.00	2024-05-05 19:08:55-03
46	LUCIANA	EXTRACION	60.00	2024-05-05 19:09:25-03
47	MARIO	MARIO	30.00	2024-05-05 19:09:33-03
48	MARIO	EXTRACION	60.00	2024-05-05 19:10:07-03
49	JORGE	EXTRACION	22.00	2024-05-05 19:10:33-03
50	MARIO	MARIO	99.00	2024-05-05 20:50:45-03
51	LUCIANA	LUCIANA	15.62	2024-05-05 20:53:03-03
52	LUCIANA	EXTRACION	0.23	2024-05-05 20:53:18-03
53	JORGE	JORGE	75.12	2024-05-05 20:54:18-03
54	JORGE	LUCIANA	789.00	2024-05-05 21:33:24-03
55	JORGE	EXTRACION	0.12	2024-05-05 21:33:57-03
56	JORGE	JORGE	4.00	2024-05-05 21:34:10-03
57	LUCIANA	LUCIANA	0.26	2024-05-05 21:51:47-03
58	LUCIANA	LUCIANA	0.35	2024-05-05 21:51:56-03
59	MARIO	MARIO	1.00	2024-05-07 14:59:51-03
60	LUCIANA	EXTRACION	1000.00	2024-05-07 15:00:15-03
61	LUCIANA	LUCIANA	1000.00	2024-05-07 15:06:35-03
62	LUCIANA	LUCIANA	2000.00	2024-05-07 15:11:11-03
63	JORGE	JORGE	10.00	2024-05-20 12:29:16-03
64	JORGE	EXTRACION	200.00	2024-05-20 12:29:29-03
65	JORGE	JORGE	5000.00	2024-05-20 12:29:40-03
66	JORGE	EXTRACION	7500.00	2024-05-20 12:29:58-03
67	LUCIANA	JORGE	45.00	2024-05-20 12:51:13-03
68	MARIO	LUCIANA	10.00	2024-05-25 16:56:27-03
69	MARIO	MARIO	10.00	2024-05-25 17:25:23-03
70	JORGE	JORGE	5.00	2024-05-26 19:34:34-03
71	LUCIANA	LUCIANA	16.00	2024-05-26 19:44:59-03
72	MARIO	EXTRACION	100.00	2024-05-30 15:53:10-03
73	JORGE	LUCIANA	10.00	2024-06-01 21:27:28-03
74	JORGE	LUCIANA	10.00	2024-06-01 21:28:52-03
75	JORGE	EXTRACION	5.00	2024-06-01 21:30:13-03
76	JORGE	LUCIANA	-0.08	2024-06-02 19:24:20-03
77	JORGE	LUCIANA	0.04	2024-06-02 19:35:33-03
78	JORGE	LUCIANA	0.02	2024-06-02 19:37:41-03
79	MARIO	LUCIANA	0.02	2024-06-02 21:07:30-03
80	MARIO	LUCIANA	0.01	2024-06-02 21:07:36-03
81	MARIO	MARIO	0.03	2024-06-02 21:07:57-03
82	JORGE	LUCIANA	0.03	2024-06-02 23:16:27-03
83	JORGE	LUCIANA	0.30	2024-06-02 23:17:35-03
84	JORGE	LUCIANA	48.75	2024-06-02 23:18:06-03
85	LUCIANA	LUCIANA	0.01	2024-06-04 15:26:58-03
86	MARIO	EXTRACION	1000.00	2024-06-04 16:09:44-03
87	MARIO	LUCIANA	0.12	2024-06-04 16:10:28-03
88	MARIO	LUCIANA	0.13	2024-06-04 16:15:25-03
89	JORGE	LUCIANA	1.00	2024-06-05 11:57:30-03
90	JORGE	EXTRACION	0.14	2024-06-05 11:58:04-03
91	MARIO	MARIO	123.00	2024-06-09 14:56:44-03
\.


--
-- Data for Name: auth_group; Type: TABLE DATA; Schema: public; Owner: postgres
--

COPY public.auth_group (id, name) FROM stdin;
\.


--
-- Data for Name: auth_group_permissions; Type: TABLE DATA; Schema: public; Owner: postgres
--

COPY public.auth_group_permissions (id, group_id, permission_id) FROM stdin;
\.


--
-- Data for Name: auth_permission; Type: TABLE DATA; Schema: public; Owner: postgres
--

COPY public.auth_permission (id, name, content_type_id, codename) FROM stdin;
1	Can add log entry	1	add_logentry
2	Can change log entry	1	change_logentry
3	Can delete log entry	1	delete_logentry
4	Can view log entry	1	view_logentry
5	Can add permission	2	add_permission
6	Can change permission	2	change_permission
7	Can delete permission	2	delete_permission
8	Can view permission	2	view_permission
9	Can add group	3	add_group
10	Can change group	3	change_group
11	Can delete group	3	delete_group
12	Can view group	3	view_group
13	Can add user	4	add_user
14	Can change user	4	change_user
15	Can delete user	4	delete_user
16	Can view user	4	view_user
17	Can add content type	5	add_contenttype
18	Can change content type	5	change_contenttype
19	Can delete content type	5	delete_contenttype
20	Can view content type	5	view_contenttype
21	Can add session	6	add_session
22	Can change session	6	change_session
23	Can delete session	6	delete_session
24	Can view session	6	view_session
25	Can add cliente	7	add_cliente
26	Can change cliente	7	change_cliente
27	Can delete cliente	7	delete_cliente
28	Can view cliente	7	view_cliente
29	Can add historial	8	add_historial
30	Can change historial	8	change_historial
31	Can delete historial	8	delete_historial
32	Can view historial	8	view_historial
\.


--
-- Data for Name: auth_user; Type: TABLE DATA; Schema: public; Owner: postgres
--

COPY public.auth_user (id, password, last_login, is_superuser, username, first_name, last_name, email, is_staff, is_active, date_joined) FROM stdin;
\.


--
-- Data for Name: auth_user_groups; Type: TABLE DATA; Schema: public; Owner: postgres
--

COPY public.auth_user_groups (id, user_id, group_id) FROM stdin;
\.


--
-- Data for Name: auth_user_user_permissions; Type: TABLE DATA; Schema: public; Owner: postgres
--

COPY public.auth_user_user_permissions (id, user_id, permission_id) FROM stdin;
\.


--
-- Data for Name: django_admin_log; Type: TABLE DATA; Schema: public; Owner: postgres
--

COPY public.django_admin_log (id, action_time, object_id, object_repr, action_flag, change_message, content_type_id, user_id) FROM stdin;
\.


--
-- Data for Name: django_content_type; Type: TABLE DATA; Schema: public; Owner: postgres
--

COPY public.django_content_type (id, app_label, model) FROM stdin;
1	admin	logentry
2	auth	permission
3	auth	group
4	auth	user
5	contenttypes	contenttype
6	sessions	session
7	app_billetera	cliente
8	app_billetera	historial
\.


--
-- Data for Name: django_migrations; Type: TABLE DATA; Schema: public; Owner: postgres
--

COPY public.django_migrations (id, app, name, applied) FROM stdin;
1	contenttypes	0001_initial	2024-03-22 12:45:49.368862-03
2	auth	0001_initial	2024-03-22 12:45:50.073188-03
3	admin	0001_initial	2024-03-22 12:45:50.203481-03
4	admin	0002_logentry_remove_auto_add	2024-03-22 12:45:50.209484-03
5	admin	0003_logentry_add_action_flag_choices	2024-03-22 12:45:50.216486-03
6	app_billetera	0001_initial	2024-03-22 12:45:50.262405-03
7	contenttypes	0002_remove_content_type_name	2024-03-22 12:45:50.290126-03
8	auth	0002_alter_permission_name_max_length	2024-03-22 12:45:50.296126-03
9	auth	0003_alter_user_email_max_length	2024-03-22 12:45:50.302128-03
10	auth	0004_alter_user_username_opts	2024-03-22 12:45:50.30713-03
11	auth	0005_alter_user_last_login_null	2024-03-22 12:45:50.331108-03
12	auth	0006_require_contenttypes_0002	2024-03-22 12:45:50.332107-03
13	auth	0007_alter_validators_add_error_messages	2024-03-22 12:45:50.337108-03
14	auth	0008_alter_user_username_max_length	2024-03-22 12:45:50.437049-03
15	auth	0009_alter_user_last_name_max_length	2024-03-22 12:45:50.443521-03
16	auth	0010_alter_group_name_max_length	2024-03-22 12:45:50.448522-03
17	auth	0011_update_proxy_permissions	2024-03-22 12:45:50.453523-03
18	auth	0012_alter_user_first_name_max_length	2024-03-22 12:45:50.458218-03
19	sessions	0001_initial	2024-03-22 12:45:50.63424-03
20	app_billetera	0002_cliente_balance_cliente_change_cliente_date_time	2024-03-24 17:03:45.717819-03
21	app_billetera	0003_alter_cliente_balance_alter_cliente_change	2024-03-24 19:22:49.399315-03
22	app_billetera	0004_historial_remove_cliente_change	2024-04-10 13:43:05.831844-03
23	app_billetera	0005_remove_historial_date_of_change	2024-04-19 14:09:30.724175-03
24	app_billetera	0006_rename_destiny_historial_destino_del_dinero	2024-04-24 11:55:05.547339-03
25	app_billetera	0007_historial_date_time_form	2024-04-28 18:14:42.460349-03
26	app_billetera	0008_alter_cliente_balance_alter_historial_change	2024-05-03 14:51:15.444577-03
27	app_billetera	0009_alter_historial_change	2024-06-02 19:30:28.745173-03
28	app_billetera	0010_alter_historial_change	2024-06-02 21:07:19.825509-03
\.


--
-- Data for Name: django_session; Type: TABLE DATA; Schema: public; Owner: postgres
--

COPY public.django_session (session_key, session_data, expire_date) FROM stdin;
\.


--
-- Name: app_billetera_cliente_id_seq; Type: SEQUENCE SET; Schema: public; Owner: postgres
--

SELECT pg_catalog.setval('public.app_billetera_cliente_id_seq', 7, true);


--
-- Name: app_billetera_historial_id_seq; Type: SEQUENCE SET; Schema: public; Owner: postgres
--

SELECT pg_catalog.setval('public.app_billetera_historial_id_seq', 91, true);


--
-- Name: auth_group_id_seq; Type: SEQUENCE SET; Schema: public; Owner: postgres
--

SELECT pg_catalog.setval('public.auth_group_id_seq', 1, false);


--
-- Name: auth_group_permissions_id_seq; Type: SEQUENCE SET; Schema: public; Owner: postgres
--

SELECT pg_catalog.setval('public.auth_group_permissions_id_seq', 1, false);


--
-- Name: auth_permission_id_seq; Type: SEQUENCE SET; Schema: public; Owner: postgres
--

SELECT pg_catalog.setval('public.auth_permission_id_seq', 32, true);


--
-- Name: auth_user_groups_id_seq; Type: SEQUENCE SET; Schema: public; Owner: postgres
--

SELECT pg_catalog.setval('public.auth_user_groups_id_seq', 1, false);


--
-- Name: auth_user_id_seq; Type: SEQUENCE SET; Schema: public; Owner: postgres
--

SELECT pg_catalog.setval('public.auth_user_id_seq', 1, false);


--
-- Name: auth_user_user_permissions_id_seq; Type: SEQUENCE SET; Schema: public; Owner: postgres
--

SELECT pg_catalog.setval('public.auth_user_user_permissions_id_seq', 1, false);


--
-- Name: django_admin_log_id_seq; Type: SEQUENCE SET; Schema: public; Owner: postgres
--

SELECT pg_catalog.setval('public.django_admin_log_id_seq', 1, false);


--
-- Name: django_content_type_id_seq; Type: SEQUENCE SET; Schema: public; Owner: postgres
--

SELECT pg_catalog.setval('public.django_content_type_id_seq', 8, true);


--
-- Name: django_migrations_id_seq; Type: SEQUENCE SET; Schema: public; Owner: postgres
--

SELECT pg_catalog.setval('public.django_migrations_id_seq', 28, true);


--
-- Name: app_billetera_cliente app_billetera_cliente_pkey; Type: CONSTRAINT; Schema: public; Owner: postgres
--

ALTER TABLE ONLY public.app_billetera_cliente
    ADD CONSTRAINT app_billetera_cliente_pkey PRIMARY KEY (id);


--
-- Name: app_billetera_historial app_billetera_historial_pkey; Type: CONSTRAINT; Schema: public; Owner: postgres
--

ALTER TABLE ONLY public.app_billetera_historial
    ADD CONSTRAINT app_billetera_historial_pkey PRIMARY KEY (id);


--
-- Name: auth_group auth_group_name_key; Type: CONSTRAINT; Schema: public; Owner: postgres
--

ALTER TABLE ONLY public.auth_group
    ADD CONSTRAINT auth_group_name_key UNIQUE (name);


--
-- Name: auth_group_permissions auth_group_permissions_group_id_permission_id_0cd325b0_uniq; Type: CONSTRAINT; Schema: public; Owner: postgres
--

ALTER TABLE ONLY public.auth_group_permissions
    ADD CONSTRAINT auth_group_permissions_group_id_permission_id_0cd325b0_uniq UNIQUE (group_id, permission_id);


--
-- Name: auth_group_permissions auth_group_permissions_pkey; Type: CONSTRAINT; Schema: public; Owner: postgres
--

ALTER TABLE ONLY public.auth_group_permissions
    ADD CONSTRAINT auth_group_permissions_pkey PRIMARY KEY (id);


--
-- Name: auth_group auth_group_pkey; Type: CONSTRAINT; Schema: public; Owner: postgres
--

ALTER TABLE ONLY public.auth_group
    ADD CONSTRAINT auth_group_pkey PRIMARY KEY (id);


--
-- Name: auth_permission auth_permission_content_type_id_codename_01ab375a_uniq; Type: CONSTRAINT; Schema: public; Owner: postgres
--

ALTER TABLE ONLY public.auth_permission
    ADD CONSTRAINT auth_permission_content_type_id_codename_01ab375a_uniq UNIQUE (content_type_id, codename);


--
-- Name: auth_permission auth_permission_pkey; Type: CONSTRAINT; Schema: public; Owner: postgres
--

ALTER TABLE ONLY public.auth_permission
    ADD CONSTRAINT auth_permission_pkey PRIMARY KEY (id);


--
-- Name: auth_user_groups auth_user_groups_pkey; Type: CONSTRAINT; Schema: public; Owner: postgres
--

ALTER TABLE ONLY public.auth_user_groups
    ADD CONSTRAINT auth_user_groups_pkey PRIMARY KEY (id);


--
-- Name: auth_user_groups auth_user_groups_user_id_group_id_94350c0c_uniq; Type: CONSTRAINT; Schema: public; Owner: postgres
--

ALTER TABLE ONLY public.auth_user_groups
    ADD CONSTRAINT auth_user_groups_user_id_group_id_94350c0c_uniq UNIQUE (user_id, group_id);


--
-- Name: auth_user auth_user_pkey; Type: CONSTRAINT; Schema: public; Owner: postgres
--

ALTER TABLE ONLY public.auth_user
    ADD CONSTRAINT auth_user_pkey PRIMARY KEY (id);


--
-- Name: auth_user_user_permissions auth_user_user_permissions_pkey; Type: CONSTRAINT; Schema: public; Owner: postgres
--

ALTER TABLE ONLY public.auth_user_user_permissions
    ADD CONSTRAINT auth_user_user_permissions_pkey PRIMARY KEY (id);


--
-- Name: auth_user_user_permissions auth_user_user_permissions_user_id_permission_id_14a6b632_uniq; Type: CONSTRAINT; Schema: public; Owner: postgres
--

ALTER TABLE ONLY public.auth_user_user_permissions
    ADD CONSTRAINT auth_user_user_permissions_user_id_permission_id_14a6b632_uniq UNIQUE (user_id, permission_id);


--
-- Name: auth_user auth_user_username_key; Type: CONSTRAINT; Schema: public; Owner: postgres
--

ALTER TABLE ONLY public.auth_user
    ADD CONSTRAINT auth_user_username_key UNIQUE (username);


--
-- Name: django_admin_log django_admin_log_pkey; Type: CONSTRAINT; Schema: public; Owner: postgres
--

ALTER TABLE ONLY public.django_admin_log
    ADD CONSTRAINT django_admin_log_pkey PRIMARY KEY (id);


--
-- Name: django_content_type django_content_type_app_label_model_76bd3d3b_uniq; Type: CONSTRAINT; Schema: public; Owner: postgres
--

ALTER TABLE ONLY public.django_content_type
    ADD CONSTRAINT django_content_type_app_label_model_76bd3d3b_uniq UNIQUE (app_label, model);


--
-- Name: django_content_type django_content_type_pkey; Type: CONSTRAINT; Schema: public; Owner: postgres
--

ALTER TABLE ONLY public.django_content_type
    ADD CONSTRAINT django_content_type_pkey PRIMARY KEY (id);


--
-- Name: django_migrations django_migrations_pkey; Type: CONSTRAINT; Schema: public; Owner: postgres
--

ALTER TABLE ONLY public.django_migrations
    ADD CONSTRAINT django_migrations_pkey PRIMARY KEY (id);


--
-- Name: django_session django_session_pkey; Type: CONSTRAINT; Schema: public; Owner: postgres
--

ALTER TABLE ONLY public.django_session
    ADD CONSTRAINT django_session_pkey PRIMARY KEY (session_key);


--
-- Name: auth_group_name_a6ea08ec_like; Type: INDEX; Schema: public; Owner: postgres
--

CREATE INDEX auth_group_name_a6ea08ec_like ON public.auth_group USING btree (name varchar_pattern_ops);


--
-- Name: auth_group_permissions_group_id_b120cbf9; Type: INDEX; Schema: public; Owner: postgres
--

CREATE INDEX auth_group_permissions_group_id_b120cbf9 ON public.auth_group_permissions USING btree (group_id);


--
-- Name: auth_group_permissions_permission_id_84c5c92e; Type: INDEX; Schema: public; Owner: postgres
--

CREATE INDEX auth_group_permissions_permission_id_84c5c92e ON public.auth_group_permissions USING btree (permission_id);


--
-- Name: auth_permission_content_type_id_2f476e4b; Type: INDEX; Schema: public; Owner: postgres
--

CREATE INDEX auth_permission_content_type_id_2f476e4b ON public.auth_permission USING btree (content_type_id);


--
-- Name: auth_user_groups_group_id_97559544; Type: INDEX; Schema: public; Owner: postgres
--

CREATE INDEX auth_user_groups_group_id_97559544 ON public.auth_user_groups USING btree (group_id);


--
-- Name: auth_user_groups_user_id_6a12ed8b; Type: INDEX; Schema: public; Owner: postgres
--

CREATE INDEX auth_user_groups_user_id_6a12ed8b ON public.auth_user_groups USING btree (user_id);


--
-- Name: auth_user_user_permissions_permission_id_1fbb5f2c; Type: INDEX; Schema: public; Owner: postgres
--

CREATE INDEX auth_user_user_permissions_permission_id_1fbb5f2c ON public.auth_user_user_permissions USING btree (permission_id);


--
-- Name: auth_user_user_permissions_user_id_a95ead1b; Type: INDEX; Schema: public; Owner: postgres
--

CREATE INDEX auth_user_user_permissions_user_id_a95ead1b ON public.auth_user_user_permissions USING btree (user_id);


--
-- Name: auth_user_username_6821ab7c_like; Type: INDEX; Schema: public; Owner: postgres
--

CREATE INDEX auth_user_username_6821ab7c_like ON public.auth_user USING btree (username varchar_pattern_ops);


--
-- Name: django_admin_log_content_type_id_c4bce8eb; Type: INDEX; Schema: public; Owner: postgres
--

CREATE INDEX django_admin_log_content_type_id_c4bce8eb ON public.django_admin_log USING btree (content_type_id);


--
-- Name: django_admin_log_user_id_c564eba6; Type: INDEX; Schema: public; Owner: postgres
--

CREATE INDEX django_admin_log_user_id_c564eba6 ON public.django_admin_log USING btree (user_id);


--
-- Name: django_session_expire_date_a5c62663; Type: INDEX; Schema: public; Owner: postgres
--

CREATE INDEX django_session_expire_date_a5c62663 ON public.django_session USING btree (expire_date);


--
-- Name: django_session_session_key_c0390e0f_like; Type: INDEX; Schema: public; Owner: postgres
--

CREATE INDEX django_session_session_key_c0390e0f_like ON public.django_session USING btree (session_key varchar_pattern_ops);


--
-- Name: auth_group_permissions auth_group_permissio_permission_id_84c5c92e_fk_auth_perm; Type: FK CONSTRAINT; Schema: public; Owner: postgres
--

ALTER TABLE ONLY public.auth_group_permissions
    ADD CONSTRAINT auth_group_permissio_permission_id_84c5c92e_fk_auth_perm FOREIGN KEY (permission_id) REFERENCES public.auth_permission(id) DEFERRABLE INITIALLY DEFERRED;


--
-- Name: auth_group_permissions auth_group_permissions_group_id_b120cbf9_fk_auth_group_id; Type: FK CONSTRAINT; Schema: public; Owner: postgres
--

ALTER TABLE ONLY public.auth_group_permissions
    ADD CONSTRAINT auth_group_permissions_group_id_b120cbf9_fk_auth_group_id FOREIGN KEY (group_id) REFERENCES public.auth_group(id) DEFERRABLE INITIALLY DEFERRED;


--
-- Name: auth_permission auth_permission_content_type_id_2f476e4b_fk_django_co; Type: FK CONSTRAINT; Schema: public; Owner: postgres
--

ALTER TABLE ONLY public.auth_permission
    ADD CONSTRAINT auth_permission_content_type_id_2f476e4b_fk_django_co FOREIGN KEY (content_type_id) REFERENCES public.django_content_type(id) DEFERRABLE INITIALLY DEFERRED;


--
-- Name: auth_user_groups auth_user_groups_group_id_97559544_fk_auth_group_id; Type: FK CONSTRAINT; Schema: public; Owner: postgres
--

ALTER TABLE ONLY public.auth_user_groups
    ADD CONSTRAINT auth_user_groups_group_id_97559544_fk_auth_group_id FOREIGN KEY (group_id) REFERENCES public.auth_group(id) DEFERRABLE INITIALLY DEFERRED;


--
-- Name: auth_user_groups auth_user_groups_user_id_6a12ed8b_fk_auth_user_id; Type: FK CONSTRAINT; Schema: public; Owner: postgres
--

ALTER TABLE ONLY public.auth_user_groups
    ADD CONSTRAINT auth_user_groups_user_id_6a12ed8b_fk_auth_user_id FOREIGN KEY (user_id) REFERENCES public.auth_user(id) DEFERRABLE INITIALLY DEFERRED;


--
-- Name: auth_user_user_permissions auth_user_user_permi_permission_id_1fbb5f2c_fk_auth_perm; Type: FK CONSTRAINT; Schema: public; Owner: postgres
--

ALTER TABLE ONLY public.auth_user_user_permissions
    ADD CONSTRAINT auth_user_user_permi_permission_id_1fbb5f2c_fk_auth_perm FOREIGN KEY (permission_id) REFERENCES public.auth_permission(id) DEFERRABLE INITIALLY DEFERRED;


--
-- Name: auth_user_user_permissions auth_user_user_permissions_user_id_a95ead1b_fk_auth_user_id; Type: FK CONSTRAINT; Schema: public; Owner: postgres
--

ALTER TABLE ONLY public.auth_user_user_permissions
    ADD CONSTRAINT auth_user_user_permissions_user_id_a95ead1b_fk_auth_user_id FOREIGN KEY (user_id) REFERENCES public.auth_user(id) DEFERRABLE INITIALLY DEFERRED;


--
-- Name: django_admin_log django_admin_log_content_type_id_c4bce8eb_fk_django_co; Type: FK CONSTRAINT; Schema: public; Owner: postgres
--

ALTER TABLE ONLY public.django_admin_log
    ADD CONSTRAINT django_admin_log_content_type_id_c4bce8eb_fk_django_co FOREIGN KEY (content_type_id) REFERENCES public.django_content_type(id) DEFERRABLE INITIALLY DEFERRED;


--
-- Name: django_admin_log django_admin_log_user_id_c564eba6_fk_auth_user_id; Type: FK CONSTRAINT; Schema: public; Owner: postgres
--

ALTER TABLE ONLY public.django_admin_log
    ADD CONSTRAINT django_admin_log_user_id_c564eba6_fk_auth_user_id FOREIGN KEY (user_id) REFERENCES public.auth_user(id) DEFERRABLE INITIALLY DEFERRED;


--
-- PostgreSQL database dump complete
--

